baños,cochera,detalle,direccion,distrito,dormitorios,lugar,pisos,precio,tamaño,tipo,url
1,1,"Descripción   Boston Abregu Realty vende lindo departamento 1er Piso y Cochera en Urb. San Antonio Jr. Las Gardenias N° 189 Dpto 101 cerca a la Univ. Continental, Upla, Colegio Claretiano y  a 8 min del Centro de Huancayo. Area: 139 m2 Precio : S/ 360,000 Mil Soles (Aceptamos propuestas serias de compra) Distribución: *3 dormitorios (el dormitorio principal cuenta con baño privado) *2 baños completos *Cocina amplia  con muebles bajos y altos en madera *Sala comedor bien iluminada *Amplia lavanderia con patio interno *Cochera !Contáctanos! 977 233 030  – 977 220 220 *Te ayudamos con tu crédito hipotecario fácil y sencillo",Jr. Las Gardenias N° 189 1er Piso,Huancayo,3,Urb. San Antonio,Departamento 1er Piso y Cochera Jr. Las Gardenias,S/360 000,139,Departamentos,
3,1,"Descripción   Boston Abregu Realty Vende Departamento en 4to Piso  y Cochera en el Centro de Huancayo, Residencial Sahara.   Esquina Jr. Tarapaca N° 557 y Jr. Libertad cerca al Restaurant Leopardo y Av. Hvca.   Area: 123 m2 Precio: S/ 500,000 Mil Soles. (Aceptamos propuestas serias de compra)  Distribución *3 dormitorios, principal con jacuzzi *2 baños. *Sala comedor con vista a la calle *Cocina con muebles altos y bajos *Área de Lavandería *Cuarto de estudio *Cochera *Ascensor y areas comunes *Zona Transitable cerca a la Feria de Hvca.  !Contáctanos! 954 016 836 – 977 220 220 *Te ayudamos con tu crédito hipotecario fácil y sencillo",Jr. Tarapaca N° 557 - Jr. Libertad Centro de Hyo,Huancayo,3,,Departamento 4to Piso y Cochera en el Centro de Huancayo – Residencial,S/500 000,123,Departamentos,
1,,"Descripción   Boston Abregu Realty vende Departamento 4to Piso Urb. La Merced – San Antonio Calle Uno Nº 226 cerca al Parque Grau y Av. Calmell del Solar. Area: 54 m2 Precio :S/ 190,000 Mil Soles (Aceptamos propuestas serias de compra) Distribución: *2 dormitorios *1 baño completo *Cocina americana con muebles bajos *Sala Comedor *Balcone *Area de Lavanderia Vista panorámica Acabados en porcelanato, buena iluminación !Contáctanos! 926 064 625 – 914 443 541 – 977 220 220 *Te ayudamos con tu crédito hipotecario fácil y sencillo",Calle Uno cerca Parque Grau y Av. Calmell del Solar,Huancayo,2,Urb. La Merced – San Antonio,Departamento 4to Piso,S/190 000,54,Departamentos,
3,,"Descripción   Boston Abregu Realty vende Triplex en 4to Piso Jr. Huancas  – Centro de Huancayo Jr. Huancas N° 626 – cerca a la Av. Giraldez y Real Plaza  Area: 189 m2 Precio : $ 115,000 Mil Dolares (Aceptamos propuestas serias de compra) Distribución: *4 dormitorios *2 baños y medio *Cocina americana con muebles bajosy altos *Sala Comedor *Balcone y bar *Patio de servicio *Area de Lavanderia Acabados en porcelanato, buena iluminación !Contáctanos! 959 499 873 – 977 220 220 *Te ayudamos con tu crédito hipotecario fácil y sencillo",Jr. Huancas N° 626 - Centro de Hyo,Huancayo,4,,Triplex en 4to Piso Jr. Huancas – Centro de,115 000,189,Departamentos,
2,,"Descripción   Boston Abregu Realty vende departamento de estreno con 3 Dormitorios en Urb. Colinas de San Antonio Jr. Inti Nº 297 Dpto 303 cerca Polideportivo, Alameda Traverso, universidades y a 8 min del centro de Huancayo Area: 73 m2 Precio : S/ 230,000 Mil Soles (Aceptamos propuestas serias de compra) Distribución: *3 dormitorios *2 baños *Cocina americana con muebles bajos y altos *Sala Comedor *Area de Lavanderia *Area común azotea mirador Acabados en porcelanato, buena iluminación y rodeado de naturaleza !Contáctanos! 964 468 652 – 977 220 220 *Te ayudamos con tu crédito hipotecario fácil y sencillo",Jr. Inti 297 Dpto 303 - Urb. Colinas de San Antonio,Huancayo,3,Urb. Colinas de San Antonio,Departamento de estreno 3er Piso con 3 dormitorios Jr. Inti,S/230 000,73,Departamentos,
3,,"Descripción   Boston Abregu Realty vende Triplex de estreno con 3 Dormitorios en Urb. Alto La Merced Prolg. Quishuar Nº 145 cerca a la Alameda Traverso, Univ. Continental y a 8 minutos del centro de Hyo. Area: 115 m2 Precio : 295,000 Mil Soles (Aceptamos propuestas serias de compra) Distribución: *3 dormitorios *2 baños y medio *Cocina americana con muebles bajos y altos *Sala Comedor *Area de Lavanderia *Terraza privada *Area de parrilla Acabados en porcelanato, buena iluminación y rodeado de naturaleza !Contáctanos! 963 497 045 – 977 220 220 *Te ayudamos con tu crédito hipotecario fácil y sencillo",Prolg. Quishuar - Urb. Alto la Merced,Huancayo,3,Urb. Alto La Merced,Triplex de estreno con 3 dormitorios,S/295 000,115,Departamentos,
1,,"Descripción   Boston Abregu Realty vende departamento  con 2 Dormitorios en Urb.  San Antonio Jr. La Plata Mz. D Lote 12 cerca al Parque Tupac y Colegio Snata Isabel a 6 min del centro de Huancayo Area: 72 m2 Precio : S/ 130,000 Mil Soles (Aceptamos propuestas serias de compra) Distribución: *2 dormitorios *1 baño completo *Cocina americana con muebles bajos y altos *Sala Comedor *Area de Lavanderia !Contáctanos! 963 497 045– 977 220 220 *Te ayudamos con tu crédito hipotecario fácil y sencillo",Jr. La Plata - San Carlos,Huancayo,2,,Departamento con 2 dormitorios 2do Piso Urb.San Antonio – San,S/130 000,72,Departamentos,
2,,"Descripción   Boston Abregu Realty vende departamento de estreno en 1er Piso con 3 Dormitorios en Urb. La Merced. Alameda Manuel Traverso N° 451 cerca Hospital Carmen, Unv. Continental, UPLA.  y a 7 min del centro de Huancayo Area: 126 m2 Precio : S/ 355,000 Mil Soles (Aceptamos propuestas serias de compra) Distribución: *3 dormitorios con closet empotrado, dormitorio princial con baño privado. *2 baños y medio *Cocina con muebles bajos y altos, incluye horno y cocina. *Sala Comedor *Area de Lavanderia *3 Patios internos !Contáctanos! 977 233 030  – 977 220 220 *Te ayudamos con tu crédito hipotecario fácil y sencillo",Alameda Traverso N° 451 Dpto 101,Huancayo,3,Urb. La Merced,Departamento 1er Piso con 3 dorm Alameda Traverso –,S/355 000,126,Departamentos,
5,2,"Descripción    Boston Abregú Realty Vende Propiedad con 5 Departamentos independientes y cochera Psje. Atocsaico N° 150 Urb. La Estancia – El Tambo. Entre Ricardo Menéndez y Hvca.   Excelente Para Vivienda e Inversión, cerca a Essalud y Registros Públicos.    Área Terreno : 150.64 m2 Área Construida : 418.26 m2   Precio: S/ 875,000 Soles (Aceptamos propuestas de compra serias)      Distribución: Primer Piso: *Sala comedor *Cocina *Baño completo * 2 dormitorios   Segundo Piso: *2 Departamentos cada uno con *Sala comedor *Cocina *Baño completo *2 dormitorios   Tercer Piso: *Sala comedor *Cocina *Baño completo * 2 dormitorios *Estudio *Patio de servicio   Cuarto Piso: *Sala comedor *Cocina *Baño completo * 2 dormitorios estudio *Patio de servicio.    ¡Contáctanos!  977 233 030 – 977 220 220 *Te ayudamos con tu crédito hipotecario fácil y sencillo",Psj. Atocsaico 150 Urb. La Estancia cerca Essalud,El Tambo,10,,Propiedad con 5 Depas independientes cerca Essalud – El,S/875 000,150,Casas,
4,2,"Descripción   Boston Abregu Realty Vende Lujosa Casa de 4 Pisos Pisos con Doble Cochera en la Urb. Alto La Merced.  Calle San Simon entre Fresnos cerca a la Alameda Traverso, universidades y parques.   Area: 141 m2 Area Construccion: 287 m2 Precio: $ 285,000 Mil Dolares (Aceptamos propuestas serias de compra)   Distribución *5 dormitorios, principal con jacuzzi con hidromasaje. los demas con baños propio. *4 baños completos *Amplia Sala comedor con vista a la calle *Hall *Cocina con muebles altos y bajos, barra de cuarzo. *Bar con muebles y barra de cuarzo. *Área de Lavandería *Cuarto de estudio *Doble Cochera *Terraza Panoramica *Cuarto de Lavanderia.  Servicios, Sistema de Calefaccion, Tanque Subterraneo de agua, Alarma Digital, Tanque elevado y terma solar.  !Contáctanos! 964 468 652 – 977 220 220 *Te ayudamos con tu crédito hipotecario fácil y sencillo",Calle San Simon - Urb. Alto La Merced,Huancayo,5,Urb. Alto La Merced.,Lujosa Casa de 4 Pisos con Doble Cochera,285 000,141,Casas,
2,,"Descripción   Boston Abregu Realty vende departamentos de 3 dormitorios  Jr. La Victoria N° 473 El Tambo cerca a la Clinica Cayetano Heredia y HVCA    Departamento en  tercer piso Entrega inmediata Flats desde 72 m2 Precio desde S/ 270,000 Soles     Distribución Flats *Sala comedor *Cocina americana con muebles altos y bajos *Area de bar *Area de Lavanderia  *3 dormitorios con closet empotrado*2d baño completo  *Ascensor    !Contáctanos! 963 497 045 – 977 220 220   *Te ayudamos con tu crédito hipotecario fácil y sencillo",Jr. Victoria 473 El Tambo,El Tambo,3,,Departamento 3 dormitorios y 2 baños El,S/270 000,72,Departamentos,
2,,"Descripción   Boston Abregu Realty vende departamento con 3 Dormitorios en El Tambo Jr. Los Rosales Nº 161 Doceavo Piso cerca al Jr. Sumar, Estadio Castilla y a 9 min del centro de Huancayo Area: 92 m2 Precio : S/ 290,000 Mil Soles (Aceptamos propuestas serias de compra) Distribución: *3 dormitorios, dormitorio principal con baño privado *2 baños *Cocina con muebles bajos y altos *Amplia Sala comedor con una hermosa vista. *Area común azotea *Balcon !Contáctanos! 972 715 063 – 977 220 220 *Te ayudamos con tu crédito hipotecario fácil y sencillo",Jr. Los Rosales 161 Dpto 1203,El Tambo,3,,Departamento con 3 dormitorios Jr. Los Rosales – El,S/290 000,92,Departamentos,
2,,"Descripción   Boston Abregu Realty vende departamento de estreno  con 3 Dormitorios en El Tambo Jr. Junin N° 991 9no Piso cerca a la Clinica Cayetano Heredia, Colegio Castilla y a 5 min del Centro de Huancayo  Area: 92 m2 Precio : S/ 335,000 Mil Soles (Aceptamos propuestas serias de compra) Distribución: *3 dormitorios, dormitorio princial con baño privado *2 baños con manparas de vidrio *Cocina americana con tablero de cuarzo y muebles bajos y altos, incluye campana extractora *Sala Comedor con vista panoramica *Area de Lavanderia *Intercomunicador, terma eléctrica. !Contáctanos! 952 332 112  – 977 220 220 *Te ayudamos con tu crédito hipotecario fácil y sencillo",Jr. Junin N° 991 9no Piso,El Tambo,3,,Departamento de estreno con 3 Dorm Jr. Junin – El,S/335 000,92,Departamentos,
1,,"Descripción   Boston Abregu Realty vende  departamento 2do Piso en Chilca Jr. Ancash entre Jr. Union cerca al Recreo Los Girasoles , Local Shullkas, Av. Real y a 8 min del Centro de Huancayo.  Area: 64 m2 Precio : $ 40,000 Dolares (Aceptamos propuestas serias de compra) Distribución: *2 dormitorios amplios *1 baño completo *Cocina independiente *Amplia Sala comedor con vista a la calle *Area de Lavanderia  * Azotea comun !Contáctanos! 952 332 112  – 977 220 220 *Te ayudamos con tu crédito hipotecario fácil y sencillo",Jr. Ancash entre Jr. Union - Chilca,Chilca,2,,Departamento 2 dorm en 2do Piso Jr. Union –,40 000,64,Departamentos,
2,,"Descripción   Boston Abregu Realty vende departamento de estreno  con 3 Dormitorios en El Tambo Jr. Parra de Riego N° 564 cerca al Poder Judicial, Av. Real y a 5 min del Centro de Huancayo. Area: 81 m2 Precio : S/ 350,000 Mil Soles (Aceptamos propuestas serias de compra) Distribución: *3 dormitorios, dormitorio princial con baño privado *2 baños completos *Cocina con tablero, muebles bajos y altos *Sala Comedor con vista panoramica y balcone *Area de Lavanderia y desayunador *2 Ascensores, vigilancia y recepcionista 24 horas !Contáctanos! 975 752 426  – 977 220 220 *Te ayudamos con tu crédito hipotecario fácil y sencillo",Jr. Parra de Riego N° 564 - El Tambo,El Tambo,3,,Departamento de estreno con 3 Dorm Jr. Parra de Riego – EL,S/350 000,81,Departamentos,
2,,"Descripción   Boston Abregu Realty vende departamento en preventa en El Tambo Calle Geminis Dpto. 2do Piso Anexo Batanyacu, cerca a la Zona Industrial de El Tambo Area: 61.41 m2 Precio : S/ 237,000 Mil Soles (Aceptamos propuestas serias de compra) Distribución: *2 dormitorios, dormitorio principal con baño privado *Cocina con muebles altos y bajos *Sala Comedor *2 baños completos, area de Lavanderia *balcone !Contáctanos! 977 233 030 – 977 220 220 *Te ayudamos con tu crédito hipotecario fácil y sencillo","Calle Geminis 2do Piso, Batanyacu",El Tambo,2,,Departamento en Preventa 2do Piso Anexo Batanyacu – El,S/237 000,61,Departamentos,
2,,"Descripción   Boston Abregu Realty vende departamento con 3  Dorm en El Tambo  Jr. Capuli Nº 151 cerca Av. Cantuta y Dpto 1er Piso cerca al Puente Nuevo de Pilcomayo a 15 min del Centro de Huancayo.    Area: 100 m2 Precio : S/ 220,000 Mil Soles (Aceptamos propuestas serias de compra) Distribución: *3 dormitorios amplios *2 baños completo *Cocina con muebles bajos y altos *Sala comedor amplia e iluminada *Area de Lavanderia y Patio !Contáctanos! 972 715 063 – 977 220 220 *Te ayudamos con tu crédito hipotecario fácil y sencillo",Jr. Capuli Nº 151 Dpto 1er Piso,El Tambo,3,,Departamento 1er Piso Jr. Capuli cerca al Nuevo Puente de,S/220 000,100,Departamentos,
2,,"Descripción   Boston Abregu Realty vende lindo departamento 4to Piso en el Tambo Av. Huancavelica Nº 178 Dpto 401 cerca a Maestro, Colegio Salesiano Santa Rosa y a 3 min del Centro de Huancayo. Area: 88 m2 Precio : S/ 229,000 Mil Soles (Aceptamos propuestas serias de compra) Distribución: *3 dormitorios *2 baños completos *Cocina americana con muebles bajos y altos *Sala comedor con vista a la calle *Area de Lavanderia, Intercomunicador !Contáctanos! 972 715 063 – 977 220 220 *Te ayudamos con tu crédito hipotecario fácil y sencillo",Av. Huancavelica 178 4to Piso,El Tambo,3,,Departamento 4to Piso Av. Huancavelica Nº 178 – El,S/229 000,88,Departamentos,
2,,"Descripción   Boston Abregu Realty vende departamento 2do Piso en El Tambo Av. Huancavelica Nº 178 Dpto 201 cerca Maestro, Colegio Salesiano Santa Rosa y a 3 minutos del Centro de Huancayo. Area: 88 m2 Precio : S/ 260,000 Soles (Aceptamos propuestas serias de compra) Distribución: *3 dormitorios con closet muebles empotrados *2 baños completos *Cocina americana con muebles bajos y altos *Sala comedor con vista a la calle con muebles empotrada *Area de Lavanderia *Area de tendedero !Contáctanos! 972 715 063 – 977 220 220 *Te ayudamos con tu crédito hipotecario fácil y sencillo",Av. Huancavelica Nº 178 2do Piso - El Tambo,El Tambo,3,,Departamento 2do Piso Av. Huancavelica Nº 178 cerca Maestro – El,S/260 000,88,Departamentos,
2,3,"Descripción    Boston Abregu Realty vende Casa de 3 pisos con doble cochera en  Urb. Remanso II cerca a la UPLA y Colegio Innova School.  Alameda El Remanso  Mz. A Lote 03 Urb. Remanso II  cerca Av. Calmell del Solar y Univ. Continental.  Area Terreno: 126 m2 Precio : $ 210, 000 Mil Dólares (Aceptamos propuestas serias de compra) Distribución: *3 dormitorios con closet empotrados * 2 baños *Sala comedor iluminada con conexión al patio *Cocina independiente con muebles bajos *Area de Lavanderia y Patio posterior con almacén *Cochera para 3 vehículos *Jardín y seguridad en la propiedad con cerco eléctrico. *Amplia azotea techada con Lavanderia y conexiones para agua caliente ( terma eléctrica) Amplios ambientes e iluminados, acabados en porcelanato, parquet y madera. Zona Residencial rodeada de naturaleza y conectada a 2 importantes Avenidas. !Contáctanos! 963 497 045 – 914 443 541 – 977 220 220 Te ayudamos con tu Crédito Hipotecario ¡Fácil y Sencillo!",Alameda el Remanso Urb. Remanso II - UPLA,Huancayo,3,Urb. Remanso II cerca UPLA.,Casa de 3 Pisos con doble cochera,210 000,126,Casas,
1,,"Descripción   Boston Abregu Realty vende departamento con 2  Dorm cerca Municipio de El Tambo Esquina Bolognesi y Jr. Junin cerca al Colegio Castilla, Plaza Vea El Tambo y 10 min del Centro de Huancayo     Area: 54 m2 Precio : S/ 175,000 Mil Soles (Aceptamos propuestas serias de compra) Distribución: *2 dormitorios amplios con vista a la calle *1 baño completo *Cocina independiente *Sala comedor bastante amplia *Area de Lavanderia, Azotea comun *Acabados iluminoados y acogedores. !Contáctanos! 926 064 625 – 977 220 220 *Te ayudamos con tu crédito hipotecario fácil y sencillo",Esquina Jr. Junin y Bolognesi El Tambo,El Tambo,2,,Departamento con 2 dorm Esquina Bolognesi y Jr. Junin El,S/175 000,54,Departamentos,
4,2,"Descripción   Boston Abregu Realty vende Casa de 3 pisos frente al Parque – Urb. San Antonio Jr. San Pedro cerca al Parque Grau y Av. Calmell del Solar Area Terreno: 96 m2 Area Construida: 176 m2 Precio : $ 175,000 Mil Dólares (Aceptamos propuestas serias de compra) Distribución: *4 dormitorios *Amplia Sala comedor *Cocina con muebles altos y bajos *4 baños completos *Jardin y Doble cochera *Cuarto de servicio *Area de Lavanderia y Aotea *Amplia azotea Zona Residencial cerca a parques, universidades y clínicas !Contáctanos! 963 497 045 – 977 220 220  Te ayudamos con tu Crédito Hipotecario ¡Fácil y Sencillo!",Jr. San Pedro Int. 2 - Urb. San Antonio,Huancayo,4,Urb. San Antonio,Casa 3 Pisos y doble cochera en Condominio Privado –,175 000,96,Casas,
8,,"Descripción   Boston Abregú Realty Vende Edificio de 4 Pisos con proyeccion a 6 pisos .   Jr. Las Gardenias N° 162  La Ribera frente a Hermes a una cuadra del campo ferial de Yauris   Excelente Para Vivienda e Inversión      Area de Terreno : 324 m2 Área Construida 1er Piso : 112 m2 A. C 2do Piso : 112 m2 A.C  3er y 4to  Piso: 184 m2 A.C 5to Piso : 9 m2   Precio: $ 350,000 Mil Dolares (Aceptamos propuestas de compra serias)       Distribución: Primer Piso: *Sala comedor *Cocina con muebles altos y bajos * 2 Baños completos * 3  dormitorios *Campana extractora *Patio interno    Segundo Piso: *Sala comedor *Cocina con muebles altos y bajos  *2 Baños completos *3 dormitorios *Campana extractora    Tercer  y Cuarto Piso: (Sin acabados,con base de pintura) * 4 dormitorios *4 baños completos *Sala comedor con doble altura Patio de servicio * Cocina * Lavanderia    Quinto Piso: *1 habitacion Se cuenta con licencia de construccion inscrita en Sunarp     ¡Contáctanos!  977 233 030 – 977 220 220 *Te ayudamos con tu crédito hipotecario fácil y sencillo",Jr. Las Gardenias N° 162 - Urb. La Ribera,Huancayo,11,Urb. La Ribera,Venta Edificio de 4 Pisos,350 000,324,Casas,
,,"Descripción    Boston Abregú Realty Vende Casa de 3 Pisos mas azotea y terraza al costado de la Universidad UTP.  Av. Circunvalacion N° 425 cerca a las universidades y colegios como Praxis.       Área Terreno : 316.88 m2 Área Construida : 110  m2   Precio: $ 250,000 Mil Dolares (Aceptamos propuestas de compra serias)       Distribución: Primer nivel un terreno de 210 m2 con frontis de 6 ml hacia la Av. Circunvalación al costado de la Univ. UTP. *2 Departamentos en Segundo y Tercer Piso cada uno con la siguiente distribución:   *3 dormitorios *Amplia sala comedor *Cocina con muebles altos y bajos *2 baños completos   *Area de Lavanderia *Amplia azotea con una terraza construida de 50 m2 Zona Residencial cerca a parques, universidades y clinicas.    ¡Contáctanos!  954 016 836  – 977 220 220 *Te ayudamos con tu crédito hipotecario fácil y sencillo",Av. Circunvalacion N° 425 cerca UTP,Huancayo,6,,Casa de 3 Pisos mas azotea y terraza cerca,250 000,316,Casas,
4,1,"Descripción   Boston Abregu Realty vende Casa de 2 pisos con cochera paralela Av. Calmell del Solar  Calle Uno N° 275 Urb. La Merced a media cuadra del Parque Grau, Univ. Continental  y 5 minutos del Centro de Huancayo.  Area Terreno: 180 m2 Area Construida : 277 m2 Precio : $ 275,000 Mil Dolares (Aceptamos propuestas de compras serias) Distribución: * Primer Piso.- * Sala comedor * Cocina con muebles altos y bajos * Jardín externo e interno * Cochera y Estudio * Terraza * Segundo Piso.- * 2 dormitorios con closet * 1 dormitorio con closet y baño privado * 1 dormitorio * 1 baño completo * Hall, Star *Tercer Piso.- *Hall * 2 cuartos *Servicio higiénico * Lavanderia * Azotea Contáctanos 977 233 030  – 977 220 220  *Te ayudamos con tu crédito hipotecario fácil y sencillo",Calle Uno Nº 275 Urb. La Merced,Huancayo,5,Urb. La Merced,Casa de 2 Pisos con cochera Calle Uno,275 000,180,Casas,
4,,"Descripción   Boston Abregu Realty vende Casa de 4 pisos Urb. Pio Pata – El Tambo Jr. Micaela Bastidas N° 206 frente al parque e Iglesia de Pio Pata Area Terreno: 108 m2 Precio : $ 120,000 Dolares (Aceptamos propuestas serias de compra) Distribución: *Primer Piso.- *Local Comercial con su propio baño *2 dormitorios *Cocina y comedor *Patio y Area de Lavanderia *1 baño *Amplia azotea *Segundo Piso.- *3 dormitorios *Cocina y comedor *Area de Lavanderia *1 baño *Tercer Piso.- *2 dormitorios *Sala comedor *Area de Lavanderia *Grande patio *Cuarto Piso.- *3 dormitorios *1 baño *Patio grande Amplios ambientes e iluminados, zona residencial cerca a parques,colegios y universidades  !Contáctanos! 954 016 836 – 977 220 220 Te ayudamos con tu Crédito Hipotecario ¡Fácil y Sencillo!",Jr. Micaela Bastidas N° 206 - Urb. Pio Pata,El Tambo,6,Urb. Pio Pata,Casa de 4 Pisos Jr. Micaela Bastidas –,120 000,108,Casas,
4,1,"Descripción   Boston Abregu Realty vende Casa de 3 pisos con azotea y cochera Urb. Terrazas del Mantaro Pasaje Los Nisperos Mz. F Lote 04  Urb. cerca al terminal terrestre de Huancayo. Area Terreno: 112 m2 Area Construida : 266.04 m2 Precio : S/ 550,000 Soles (Aceptamos propuestas de compras serias) Distribución: * 5 dormitorios, dormitorio principal con baño privado y balcón *Doble Sala comedor * 3 baños completos y 1/2 baño * 2 Cocinas estilo americana con muebles altos y bajos * Local Comercial * Cochera, Area de Lavanderia * Jardin, Azotea y Vista panoramica Contáctanos 920 274 038 – 977 220 220 *Te ayudamos con tu crédito hipotecario fácil y sencillo.",Pasaje Los Nisperos Mz. F Lote 04 Urb.Terrazas del Mantaro,El Tambo,5,Urb. Terrazas del Mantaro – El Tambo,Casa 3 Pisos con 5 dorm,S/550 000,112,Casas,
3,,"Descripción   Boston Abregu Realty vende departamento de 3 Dorm Residencial Parque San Carlos II cerca Open Plaza Jr. Abancay N° 383 cerca Guido, Av. San Carlos y a 4 min del centro de Huancayo Area: 183 m2 Precio : $ 92,000 Mil Dolares (Aceptamos propuestas serias de compra) Distribución: *3 dormitorios, dormitorio principal con baño privado *2 baños *Cocina con muebles bajos y altos *Amplia Sala comedor *Hall !Contáctanos! 963 497 045 – 977 220 220 *Te ayudamos con tu crédito hipotecario fácil y sencillo",Jr. Abancay N° 383 cerca Guido,Huancayo,3,,Departamento 3 dorm Residencial Parque San Carlos,92 000,183,Departamentos,
1,,"Descripción   Boston Abregu Realty vende departamento con 2  Dorm en San Carlos   Av. Calmell del Solar 10 73 al costado del Parque Grau, cerca al Parque Identidad Wanka, Universidad Continental y a 5 min del Centro de Huancayo.    Area: 66 m2 Precio : S/ 185,000 Mil Soles (Aceptamos propuestas serias de compra) Distribución: *2 dormitorios con closet empotrado *1 baño completo *Cocina independiente con muebles bajos y altos *Sala comedor con vista a la calle *Area de Lavanderia, Intercomunicador y terma electrica !Contáctanos! 926 064 625 – 977 220 220 *Te ayudamos con tu crédito hipotecario fácil y sencillo",Av. Calmell del Solar 1073 4to Piso,Huancayo,2,,Departamento con 2 Dorm en San,S/185 000,66,Departamentos,
